Order_ID,Order_Date,Customer_Name,Email,Phone,City,State,Product,Category,Qty,Unit_Price,Discount,Payment_Mode,Order_Status,Delivery_Date,Sales,Year,Weekday,Net_Amount,Profit
ORD1002,30-06-2025,Neha,neha82@gmail.com,9829008196,Delhi,Delhi,Chair,Furniture,4,1999.0,12.0,UPI,Pending,07-03-2025,7996.0,2025.0,Monday,7036.48,1407.296
ORD1003,03-02-2025,Rohit,rohit45@gmail.com,9280491167,Pune,Maharashtra,Watch,Fashion,5,4999.0,0.0,Card,Pending,02-09-2025,24995.0,2025.0,Monday,24995.0,4999.0
ORD1004,06-05-2025,Amit,amit6@gmail.com,9943310925,Jaipur,Rajasthan,Mouse,Electronics,3,1999.0,21.0,COD,Returned,05-08-2025,5997.0,2025.0,Tuesday,4737.63,947.5260000000001
ORD1007,10-02-2025,Rahul,rahul82@gmail.com,9517780193,Mumbai,Maharashtra,Mouse,Electronics,3,499.0,0.0,Wallet,Cancelled,10-02-2025,1497.0,2025.0,Monday,1497.0,299.40000000000003
ORD1008,17-02-2025,Rahul,rahul71@gmail.com,9789375429,Lucknow,Up,Mouse,Electronics,4,9999.0,21.0,Card,Returned,17-02-2025,39996.0,2025.0,Monday,31596.84,6319.368
ORD1009,,Rahul,rahul99@gmail.com,9552649559,Mumbai,Maharashtra,Bottle,Home,2,1499.0,0.0,Wallet,Pending,,2998.0,,,2998.0,599.6
ORD1010,10-04-2025,Rohit,rohit96@gmail.com,9700116928,Jaipur,Rajasthan,Mouse,Electronics,1,,0.0,NetBanking,Delivered,10-04-2025,,2025.0,Thursday,,
ORD1011,11-01-2025,Neha,neha22@gmail.com,9580304152,Jaipur,Rajasthan,Chair,Furniture,3,999.0,0.0,COD,Pending,11-01-2025,2997.0,2025.0,Saturday,2997.0,599.4
ORD1012,03-03-2025,Vikas,vikas46@gmail.com,9551158398,Jaipur,Rajasthan,Shoes,Fashion,3,999.0,0.0,COD,Cancelled,03-09-2025,2997.0,2025.0,Monday,2997.0,599.4
ORD1015,17-03-2025,Rohit,rohit6@gmail.com,9643353842,Lucknow,Up,Bottle,Home,5,,0.0,Card,Returned,17-03-2025,,2025.0,Monday,,
ORD1016,31-03-2025,Sneha,sneha86@gmail.com,9125254427,Pune,Maharashtra,Laptop,Electronics,3,4999.0,0.0,NetBanking,Pending,04-09-2025,14997.0,2025.0,Monday,14997.0,2999.4
ORD1017,12-01-2025,Vikas,vikas12@gmail.com,9498228945,Jaipur,Rajasthan,Watch,Fashion,1,4999.0,13.0,NetBanking,Pending,12-01-2025,4999.0,2025.0,Sunday,4349.13,869.826
ORD1018,,Amit,amit96@gmail.com,9124086971,Mumbai,Maharashtra,Shoes,Fashion,2,4999.0,0.0,Wallet,Delivered,,9998.0,,,9998.0,1999.6000000000001
ORD1019,06-03-2025,Vikas,vikas20@gmail.com,9524467082,Bengaluru,Karnataka,Chair,Furniture,3,1499.0,0.0,COD,Returned,06-03-2025,4497.0,2025.0,Thursday,4497.0,899.4000000000001
ORD1020,15-03-2025,Rahul,rahul90@gmail.com,9106119129,Pune,Maharashtra,Watch,Fashion,3,999.0,0.0,UPI,Returned,15-03-2025,2997.0,2025.0,Saturday,2997.0,599.4
ORD1021,27-01-2025,Priya,priya82@gmail.com,9583849937,Pune,Maharashtra,Chair,Furniture,3,,0.0,UPI,Cancelled,02-02-2025,,2025.0,Monday,,
ORD1023,27-04-2025,Neha,neha70@gmail.com,9133995118,Mumbai,Maharashtra,Shoes,Fashion,1,499.0,56.0,COD,Pending,05-01-2025,499.0,2025.0,Sunday,219.56,43.912000000000006
ORD1024,29-06-2025,Rohit,rohit60@gmail.com,9633404088,Bengaluru,Karnataka,Mouse,Electronics,3,,0.0,Card,Cancelled,07-08-2025,,2025.0,Sunday,,
ORD1026,05-04-2025,Sneha,sneha71@gmail.com,9967773139,Bengaluru,Karnataka,Bottle,Home,4,9999.0,0.0,Wallet,Returned,04-08-2025,39996.0,2025.0,Saturday,39996.0,7999.200000000001
ORD1028,05-06-2025,Amit,amit15@gmail.com,9853264878,Lucknow,Up,Watch,Fashion,3,4999.0,0.0,NetBanking,Cancelled,06-09-2025,14997.0,2025.0,Thursday,14997.0,2999.4
ORD1029,06-02-2025,Rahul,rahul82@gmail.com,9689560222,Pune,Maharashtra,Bottle,Home,5,1499.0,15.0,COD,Delivered,06-02-2025,7495.0,2025.0,Thursday,6370.75,1274.15
ORD1030,25-04-2025,Rahul,rahul52@gmail.com,9882683944,Mumbai,Maharashtra,Shoes,Fashion,1,9999.0,0.0,UPI,Delivered,05-01-2025,9999.0,2025.0,Friday,9999.0,1999.8000000000002
ORD1032,12-04-2025,Neha,neha79@gmail.com,9312273373,Pune,Maharashtra,Bottle,Home,1,499.0,0.0,UPI,Delivered,12-04-2025,499.0,2025.0,Saturday,499.0,99.80000000000001
ORD1034,13-05-2025,Amit,amit55@gmail.com,9798448836,Pune,Maharashtra,Bottle,Home,4,4999.0,23.0,NetBanking,Pending,13-05-2025,19996.0,2025.0,Tuesday,15396.92,3079.384
ORD1039,20-03-2025,Rahul,rahul33@gmail.com,9193291098,Jaipur,Rajasthan,Laptop,Electronics,1,2599.0,0.0,Wallet,Returned,20-03-2025,2599.0,2025.0,Thursday,2599.0,519.8000000000001
ORD1040,,Sneha,sneha23@gmail.com,9116124699,Delhi,Delhi,Bottle,Home,5,1499.0,0.0,Card,Returned,,7495.0,,,7495.0,1499.0
ORD1041,25-06-2025,Rahul,rahul11@gmail.com,9940596133,Bengaluru,Karnataka,Bottle,Home,5,9999.0,0.0,UPI,Returned,25-06-2025,49995.0,2025.0,Wednesday,49995.0,9999.0
ORD1042,13-01-2025,Rahul,rahul66@gmail.com,9792040786,Mumbai,Maharashtra,Bottle,Home,4,,87.0,NetBanking,Delivered,13-01-2025,,2025.0,Monday,,
ORD1043,16-04-2025,Rahul,rahul61@gmail.com,9157741059,Delhi,Delhi,Laptop,Electronics,2,2599.0,0.0,COD,Pending,16-04-2025,5198.0,2025.0,Wednesday,5198.0,1039.6000000000001
ORD1045,,Priya,priya61@gmail.com,9111524138,Bengaluru,Karnataka,Laptop,Electronics,3,1499.0,0.0,Wallet,Pending,,4497.0,,,4497.0,899.4000000000001
ORD1047,17-03-2025,Rohit,rohit24@gmail.com,9603990367,Jaipur,Rajasthan,Shoes,Fashion,1,999.0,0.0,NetBanking,Cancelled,17-03-2025,999.0,2025.0,Monday,999.0,199.8
ORD1049,15-04-2025,Amit,amit42@gmail.com,9533399379,Lucknow,Up,Watch,Fashion,5,2599.0,0.0,COD,Returned,15-04-2025,12995.0,2025.0,Tuesday,12995.0,2599.0
ORD1052,25-02-2025,Sneha,sneha63@gmail.com,9276376917,Pune,Maharashtra,Mouse,Electronics,5,9999.0,45.0,UPI,Returned,03-02-2025,49995.0,2025.0,Tuesday,27497.25,5499.450000000001
ORD1053,23-05-2025,Sneha,sneha39@gmail.com,9432994066,Mumbai,Maharashtra,Laptop,Electronics,1,1999.0,0.0,COD,Delivered,23-05-2025,1999.0,2025.0,Friday,1999.0,399.8
ORD1054,,Sneha,sneha78@gmail.com,9399449203,Jaipur,Rajasthan,Laptop,Electronics,2,999.0,35.0,NetBanking,Pending,,1998.0,,,1298.7,259.74
ORD1056,29-05-2025,Neha,neha98@gmail.com,9481676392,Pune,Maharashtra,Chair,Furniture,2,9999.0,4.0,COD,Cancelled,29-05-2025,19998.0,2025.0,Thursday,19198.08,3839.6160000000004
ORD1057,03-02-2025,Rohit,rohit66@gmail.com,9358211659,Bengaluru,Karnataka,Chair,Furniture,5,1499.0,12.0,Wallet,Pending,02-06-2025,7495.0,2025.0,Monday,6595.6,1319.1200000000001
ORD1058,12-02-2025,Sneha,sneha17@gmail.com,9581041302,Jaipur,Rajasthan,Chair,Furniture,2,2599.0,34.0,Card,Cancelled,12-02-2025,5198.0,2025.0,Wednesday,3430.6800000000003,686.1360000000001
ORD1059,07-05-2025,Vikas,vikas8@gmail.com,9966346542,Pune,Maharashtra,Mouse,Electronics,5,999.0,7.0,NetBanking,Delivered,07-05-2025,4995.0,2025.0,Wednesday,4645.35,929.0700000000002
ORD1060,09-04-2025,Rohit,rohit64@gmail.com,9848493769,Delhi,Delhi,Laptop,Electronics,5,999.0,0.0,COD,Returned,09-04-2025,4995.0,2025.0,Wednesday,4995.0,999.0
ORD1061,01-06-2025,Vikas,vikas12@gmail.com,9714988193,Jaipur,Rajasthan,Shoes,Fashion,5,499.0,0.0,UPI,Cancelled,06-05-2025,2495.0,2025.0,Sunday,2495.0,499.0
ORD1064,28-06-2025,Rohit,rohit44@gmail.com,9745435168,Lucknow,Up,Bottle,Home,1,1999.0,0.0,NetBanking,Cancelled,07-04-2025,1999.0,2025.0,Saturday,1999.0,399.8
ORD1065,27-04-2025,Sneha,sneha92@gmail.com,9231780669,Mumbai,Maharashtra,Shoes,Fashion,3,1499.0,0.0,NetBanking,Pending,05-01-2025,4497.0,2025.0,Sunday,4497.0,899.4000000000001
ORD1066,05-05-2025,Neha,neha26@gmail.com,Unknown,Mumbai,Maharashtra,Watch,Fashion,5,2599.0,0.0,Card,Returned,05-05-2025,12995.0,2025.0,Monday,12995.0,2599.0
ORD1067,10-03-2025,Sneha,sneha9@gmail.com,9631416622,Delhi,Delhi,Shoes,Fashion,1,,34.0,NetBanking,Returned,10-03-2025,,2025.0,Monday,,
ORD1069,20-01-2025,Vikas,vikas55@gmail.com,9385463872,Lucknow,Up,Shoes,Fashion,1,4999.0,0.0,Card,Cancelled,20-01-2025,4999.0,2025.0,Monday,4999.0,999.8000000000001
ORD1070,28-02-2025,Sneha,sneha18@gmail.com,9191665927,Delhi,Delhi,Chair,Furniture,1,499.0,0.0,Wallet,Cancelled,03-04-2025,499.0,2025.0,Friday,499.0,99.80000000000001
ORD1071,13-01-2025,Priya,priya8@gmail.com,9398321309,Delhi,Delhi,Laptop,Electronics,4,999.0,0.0,Card,Returned,13-01-2025,3996.0,2025.0,Monday,3996.0,799.2
ORD1072,,Sneha,sneha64@gmail.com,9920347519,Bengaluru,Karnataka,Chair,Furniture,3,4999.0,43.0,Card,Returned,04-07-2025,14997.0,,,8548.29,1709.6580000000004
,26-01-2025,Vikas,vikas17@gmail.com,9814518863,Mumbai,Maharashtra,Chair,Furniture,4,4999.0,0.0,NetBanking,Cancelled,26-01-2025,19996.0,2025.0,Sunday,19996.0,3999.2000000000003
ORD1074,15-06-2025,Neha,neha79@gmail.com,9851707847,Pune,Maharashtra,Chair,Furniture,5,4999.0,0.0,Card,Delivered,15-06-2025,24995.0,2025.0,Sunday,24995.0,4999.0
ORD1075,20-05-2025,Vikas,vikas2@gmail.com,9934129735,Pune,Maharashtra,Mouse,Electronics,4,4999.0,23.0,NetBanking,Pending,20-05-2025,19996.0,2025.0,Tuesday,15396.92,3079.384
ORD1077,24-01-2025,Neha,neha85@gmail.com,9919894416,Mumbai,Maharashtra,Bottle,Home,2,499.0,6.0,Wallet,Cancelled,24-01-2025,998.0,2025.0,Friday,938.12,187.62400000000002
ORD1078,01-02-2025,Neha,neha42@gmail.com,9561350940,Lucknow,Up,Chair,Furniture,5,1499.0,7.0,Card,Pending,02-06-2025,7495.0,2025.0,Saturday,6970.35,1394.0700000000002
ORD1079,27-01-2025,Priya,priya59@gmail.com,9961124731,Lucknow,Up,Mouse,Electronics,1,1999.0,13.0,Card,Returned,02-04-2025,1999.0,2025.0,Monday,1739.13,347.826
ORD1080,,Priya,priya79@gmail.com,9541666116,Jaipur,Rajasthan,Laptop,Electronics,5,1499.0,54.0,COD,Returned,,7495.0,,,3447.7,689.54
ORD1081,,Sneha,sneha41@gmail.com,9406235087,Jaipur,Rajasthan,Bottle,Home,5,999.0,0.0,Wallet,Returned,06-04-2025,4995.0,,,4995.0,999.0
ORD1082,01-06-2025,Vikas,vikas84@gmail.com,9289950400,Pune,Maharashtra,Watch,Fashion,3,1999.0,0.0,COD,Pending,06-08-2025,5997.0,2025.0,Sunday,5997.0,1199.4
ORD1083,14-05-2025,Priya,priya17@gmail.com,9678334449,Bengaluru,Karnataka,Shoes,Fashion,5,2599.0,0.0,Wallet,Cancelled,14-05-2025,12995.0,2025.0,Wednesday,12995.0,2599.0
ORD1084,28-01-2025,Sneha,sneha42@gmail.com,9224233737,Delhi,Delhi,Mouse,Electronics,5,,0.0,UPI,Delivered,02-04-2025,,2025.0,Tuesday,,
ORD1085,02-01-2025,Vikas,vikas8@gmail.com,9811000878,Mumbai,Maharashtra,Chair,Furniture,1,1999.0,1.0,Card,Returned,01-07-2025,1999.0,2025.0,Thursday,1979.01,395.802
ORD1086,24-03-2025,Rahul,rahul51@gmail.com,9334759931,Lucknow,Up,Mouse,Electronics,5,2599.0,0.0,Card,Delivered,04-02-2025,12995.0,2025.0,Monday,12995.0,2599.0
ORD1087,22-04-2025,Vikas,vikas58@gmail.com,9709409870,Bengaluru,Karnataka,Bottle,Home,5,2599.0,0.0,Card,Delivered,22-04-2025,12995.0,2025.0,Tuesday,12995.0,2599.0
ORD1088,04-05-2025,Rahul,rahul31@gmail.com,Unknown,Bengaluru,Karnataka,Bottle,Home,5,9999.0,0.0,Card,Cancelled,05-09-2025,49995.0,2025.0,Sunday,49995.0,9999.0
ORD1094,17-05-2025,Rohit,rohit4@gmail.com,9462327553,Delhi,Delhi,Mouse,Electronics,3,9999.0,0.0,UPI,Pending,17-05-2025,29997.0,2025.0,Saturday,29997.0,5999.400000000001
ORD1095,05-04-2025,Rahul,rahul23@gmail.com,9141462098,Delhi,Delhi,Chair,Furniture,2,999.0,0.0,UPI,Cancelled,05-04-2025,1998.0,2025.0,Saturday,1998.0,399.6
ORD1096,05-04-2025,Rohit,rohit73@gmail.com,9444104993,Mumbai,Maharashtra,Shoes,Fashion,5,,13.0,UPI,Pending,05-04-2025,,2025.0,Saturday,,
ORD1097,01-04-2025,Sneha,sneha71@gmail.com,9339643495,Mumbai,Maharashtra,Shoes,Fashion,1,,0.0,Card,Delivered,04-07-2025,,2025.0,Tuesday,,
ORD1098,01-06-2025,Neha,neha42@gmail.com,9795658556,Mumbai,Maharashtra,Chair,Furniture,5,9999.0,0.0,COD,Returned,06-04-2025,49995.0,2025.0,Sunday,49995.0,9999.0
ORD1099,,Rahul,rahul62@gmail.com,9409139402,Lucknow,Up,Bottle,Home,1,499.0,0.0,UPI,Pending,,499.0,,,499.0,99.80000000000001
ORD1100,18-03-2025,Priya,priya72@gmail.com,9126426468,Pune,Maharashtra,Mouse,Electronics,5,499.0,0.0,COD,Pending,18-03-2025,2495.0,2025.0,Tuesday,2495.0,499.0
ORD1102,07-01-2025,Sneha,sneha37@gmail.com,9507523995,Mumbai,Maharashtra,Chair,Furniture,5,2599.0,0.0,COD,Pending,01-11-2025,12995.0,2025.0,Tuesday,12995.0,2599.0
ORD1103,26-01-2025,Rohit,rohit37@gmail.com,9792751135,Pune,Maharashtra,Mouse,Electronics,2,999.0,0.0,Wallet,Cancelled,02-03-2025,1998.0,2025.0,Sunday,1998.0,399.6
ORD1105,16-04-2025,Sneha,sneha29@gmail.com,9130855060,Lucknow,Up,Laptop,Electronics,4,9999.0,0.0,COD,Cancelled,16-04-2025,39996.0,2025.0,Wednesday,39996.0,7999.200000000001
ORD1107,25-01-2025,Priya,priya18@gmail.com,9857341843,Bengaluru,Karnataka,Laptop,Electronics,3,1999.0,0.0,Wallet,Returned,25-01-2025,5997.0,2025.0,Saturday,5997.0,1199.4
ORD1109,09-05-2025,Priya,priya47@gmail.com,9771632294,Jaipur,Rajasthan,Chair,Furniture,2,9999.0,25.0,Wallet,Returned,09-05-2025,19998.0,2025.0,Friday,14998.5,2999.7000000000003
ORD1110,16-05-2025,Sneha,sneha32@gmail.com,Unknown,Lucknow,Up,Bottle,Home,2,999.0,0.0,NetBanking,Returned,16-05-2025,1998.0,2025.0,Friday,1998.0,399.6
ORD1111,09-04-2025,Rohit,rohit76@gmail.com,9978213662,Pune,Maharashtra,Shoes,Fashion,1,2599.0,0.0,NetBanking,Returned,04-11-2025,2599.0,2025.0,Wednesday,2599.0,519.8000000000001
ORD1112,31-05-2025,Rohit,rohit23@gmail.com,9476674723,Bengaluru,Karnataka,Bottle,Home,4,2599.0,0.0,UPI,Delivered,06-02-2025,10396.0,2025.0,Saturday,10396.0,2079.2000000000003
ORD1113,10-02-2025,Amit,amit39@gmail.com,9125790157,Lucknow,Up,Laptop,Electronics,4,499.0,0.0,NetBanking,Cancelled,10-02-2025,1996.0,2025.0,Monday,1996.0,399.20000000000005
ORD1114,23-06-2025,Rahul,rahul27@gmail.com,9963695338,Jaipur,Rajasthan,Chair,Furniture,5,999.0,0.0,Wallet,Returned,07-01-2025,4995.0,2025.0,Monday,4995.0,999.0
ORD1115,25-05-2025,Rahul,rahul17@gmail.com,9306692646,Delhi,Delhi,Shoes,Fashion,2,2599.0,21.0,COD,Cancelled,25-05-2025,5198.0,2025.0,Sunday,4106.42,821.2840000000001
ORD1116,16-01-2025,Neha,neha74@gmail.com,9328163443,Mumbai,Maharashtra,Watch,Fashion,4,1499.0,0.0,NetBanking,Pending,16-01-2025,5996.0,2025.0,Thursday,5996.0,1199.2
ORD1117,,Priya,priya97@gmail.com,9735134223,Lucknow,Up,Bottle,Home,5,4999.0,0.0,COD,Delivered,,24995.0,,,24995.0,4999.0
ORD1119,12-02-2025,Rohit,rohit97@gmail.com,9739414080,Bengaluru,Karnataka,Laptop,Electronics,5,1999.0,4.0,UPI,Cancelled,12-02-2025,9995.0,2025.0,Wednesday,9595.2,1919.0400000000002
ORD1120,,Priya,priya70@gmail.com,9908689377,Mumbai,Maharashtra,Chair,Furniture,2,4999.0,54.0,UPI,Cancelled,,9998.0,,,4599.08,919.816
ORD1121,20-05-2025,Vikas,vikas22@gmail.com,9870762927,Pune,Maharashtra,Mouse,Electronics,1,4999.0,0.0,NetBanking,Cancelled,20-05-2025,4999.0,2025.0,Tuesday,4999.0,999.8000000000001
ORD1122,22-01-2025,Neha,neha63@gmail.com,9156805257,Delhi,Delhi,Shoes,Fashion,3,1999.0,0.0,Wallet,Pending,02-01-2025,5997.0,2025.0,Wednesday,5997.0,1199.4
ORD1123,30-04-2025,Rohit,rohit35@gmail.com,9130062131,Mumbai,Maharashtra,Watch,Fashion,1,2599.0,0.0,NetBanking,Cancelled,05-05-2025,2599.0,2025.0,Wednesday,2599.0,519.8000000000001
ORD1125,09-01-2025,Priya,priya18@gmail.com,9501386326,Lucknow,Up,Bottle,Home,1,,0.0,Wallet,Returned,09-01-2025,,2025.0,Thursday,,
ORD1126,,Amit,amit10@gmail.com,9479561164,Delhi,Delhi,Shoes,Fashion,5,2599.0,0.0,Wallet,Pending,,12995.0,,,12995.0,2599.0
ORD1127,01-01-2025,Rahul,rahul90@gmail.com,9327541358,Delhi,Delhi,Watch,Fashion,4,999.0,2.0,COD,Returned,01-06-2025,3996.0,2025.0,Wednesday,3916.08,783.216
ORD1128,21-02-2025,Vikas,vikas76@gmail.com,9363445434,Mumbai,Maharashtra,Watch,Fashion,4,1499.0,0.0,Wallet,Returned,21-02-2025,5996.0,2025.0,Friday,5996.0,1199.2
ORD1130,13-01-2025,Priya,priya44@gmail.com,9916562666,Delhi,Delhi,Bottle,Home,2,,45.0,Card,Cancelled,13-01-2025,,2025.0,Monday,,
ORD1134,02-03-2025,Vikas,vikas63@gmail.com,9988475551,Pune,Maharashtra,Laptop,Electronics,3,499.0,0.0,Wallet,Cancelled,03-10-2025,1497.0,2025.0,Sunday,1497.0,299.40000000000003
ORD1135,,Neha,neha92@gmail.com,9614026109,Mumbai,Maharashtra,Shoes,Fashion,1,1999.0,3.0,NetBanking,Pending,07-01-2025,1999.0,,,1939.03,387.80600000000004
ORD1136,21-06-2025,Rahul,rahul44@gmail.com,9843123958,Pune,Maharashtra,Mouse,Electronics,3,9999.0,56.0,Card,Delivered,21-06-2025,29997.0,2025.0,Saturday,13198.68,2639.7360000000003
ORD1137,08-05-2025,Priya,priya19@gmail.com,9332427755,Delhi,Delhi,Mouse,Electronics,5,4999.0,12.0,Card,Pending,05-12-2025,24995.0,2025.0,Thursday,21995.6,4399.12
ORD1138,09-05-2025,Rahul,rahul11@gmail.com,9944201387,Lucknow,Up,Shoes,Fashion,5,4999.0,6.0,UPI,Delivered,09-05-2025,24995.0,2025.0,Friday,23495.3,4699.06
ORD1139,23-04-2025,Amit,amit5@gmail.com,9371222104,Bengaluru,Karnataka,Bottle,Home,3,2599.0,21.0,UPI,Cancelled,23-04-2025,7797.0,2025.0,Wednesday,6159.63,1231.9260000000002
ORD1140,05-05-2025,Neha,neha87@gmail.com,9450353595,Lucknow,Up,Laptop,Electronics,1,4999.0,6.0,NetBanking,Cancelled,05-12-2025,4999.0,2025.0,Monday,4699.06,939.8120000000001
ORD1141,12-05-2025,Amit,amit95@gmail.com,9184871973,Pune,Maharashtra,Chair,Furniture,5,9999.0,15.0,Wallet,Cancelled,12-05-2025,49995.0,2025.0,Monday,42495.75,8499.15
ORD1142,18-06-2025,Vikas,vikas38@gmail.com,9879878656,Mumbai,Maharashtra,Shoes,Fashion,5,1999.0,4.0,Card,Cancelled,18-06-2025,9995.0,2025.0,Wednesday,9595.2,1919.0400000000002
ORD1143,16-04-2025,Neha,neha16@gmail.com,9599207109,Bengaluru,Karnataka,Chair,Furniture,5,4999.0,15.0,COD,Returned,16-04-2025,24995.0,2025.0,Wednesday,21245.75,4249.150000000001
ORD1144,,Vikas,vikas79@gmail.com,9571041137,Delhi,Delhi,Watch,Fashion,1,1499.0,1.0,Wallet,Returned,,1499.0,,,1484.01,296.802
ORD1145,27-04-2025,Rahul,rahul70@gmail.com,9503257666,Mumbai,Maharashtra,Bottle,Home,1,1499.0,0.0,COD,Pending,05-02-2025,1499.0,2025.0,Sunday,1499.0,299.8
,15-01-2025,Sneha,sneha17@gmail.com,9151754926,Lucknow,Up,Bottle,Home,5,4999.0,0.0,COD,Returned,15-01-2025,24995.0,2025.0,Wednesday,24995.0,4999.0
ORD1148,28-03-2025,Rahul,rahul11@gmail.com,9859241823,Mumbai,Maharashtra,Watch,Fashion,1,999.0,0.0,COD,Cancelled,04-05-2025,999.0,2025.0,Friday,999.0,199.8
ORD1149,01-04-2025,Priya,priya44@gmail.com,9690060173,Pune,Maharashtra,Shoes,Fashion,2,1999.0,0.0,NetBanking,Returned,04-10-2025,3998.0,2025.0,Tuesday,3998.0,799.6
ORD1150,15-05-2025,Rohit,rohit3@gmail.com,9783266736,Mumbai,Maharashtra,Shoes,Fashion,5,2599.0,0.0,UPI,Cancelled,15-05-2025,12995.0,2025.0,Thursday,12995.0,2599.0
ORD1151,14-02-2025,Amit,amit62@gmail.com,9779578645,Delhi,Delhi,Mouse,Electronics,1,2599.0,0.0,Wallet,Delivered,14-02-2025,2599.0,2025.0,Friday,2599.0,519.8000000000001
ORD1152,18-06-2025,Sneha,sneha20@gmail.com,9205144628,Jaipur,Rajasthan,Shoes,Fashion,2,4999.0,0.0,Wallet,Pending,18-06-2025,9998.0,2025.0,Wednesday,9998.0,1999.6000000000001
ORD1153,,Rohit,rohit92@gmail.com,9216677477,Bengaluru,Karnataka,Watch,Fashion,1,4999.0,0.0,Card,Returned,06-12-2025,4999.0,,,4999.0,999.8000000000001
ORD1154,24-04-2025,Priya,priya58@gmail.com,Unknown,Pune,Maharashtra,Shoes,Fashion,5,2599.0,0.0,NetBanking,Delivered,24-04-2025,12995.0,2025.0,Thursday,12995.0,2599.0
ORD1158,09-06-2025,Rohit,rohit77@gmail.com,9893447040,Lucknow,Up,Chair,Furniture,2,9999.0,0.0,Wallet,Delivered,09-06-2025,19998.0,2025.0,Monday,19998.0,3999.6000000000004
ORD1159,11-03-2025,Neha,neha72@gmail.com,9719104422,Bengaluru,Karnataka,Laptop,Electronics,3,2599.0,0.0,Wallet,Cancelled,11-03-2025,7797.0,2025.0,Tuesday,7797.0,1559.4
ORD1160,,Priya,priya27@gmail.com,9203667343,Mumbai,Maharashtra,Bottle,Home,2,9999.0,0.0,COD,Delivered,,19998.0,,,19998.0,3999.6000000000004
ORD1161,30-06-2025,Priya,priya55@gmail.com,9835595944,Mumbai,Maharashtra,Chair,Furniture,4,1499.0,0.0,Wallet,Delivered,07-08-2025,5996.0,2025.0,Monday,5996.0,1199.2
ORD1162,,Sneha,sneha8@gmail.com,9313737490,Delhi,Delhi,Watch,Fashion,1,2599.0,0.0,Card,Delivered,04-01-2025,2599.0,,,2599.0,519.8000000000001
ORD1164,03-04-2025,Vikas,vikas56@gmail.com,9849315681,Lucknow,Up,Bottle,Home,5,2599.0,0.0,COD,Delivered,04-10-2025,12995.0,2025.0,Thursday,12995.0,2599.0
ORD1165,19-04-2025,Neha,neha28@gmail.com,9235161022,Mumbai,Maharashtra,Laptop,Electronics,2,499.0,0.0,UPI,Pending,19-04-2025,998.0,2025.0,Saturday,998.0,199.60000000000002
ORD1166,02-04-2025,Neha,neha3@gmail.com,9921574268,Delhi,Delhi,Chair,Furniture,5,1499.0,0.0,COD,Delivered,04-04-2025,7495.0,2025.0,Wednesday,7495.0,1499.0
ORD1167,25-05-2025,Sneha,sneha62@gmail.com,9501654641,Mumbai,Maharashtra,Mouse,Electronics,3,499.0,0.0,NetBanking,Delivered,25-05-2025,1497.0,2025.0,Sunday,1497.0,299.40000000000003
ORD1168,27-02-2025,Vikas,vikas27@gmail.com,9983080625,Lucknow,Up,Watch,Fashion,1,2599.0,0.0,NetBanking,Returned,03-05-2025,2599.0,2025.0,Thursday,2599.0,519.8000000000001
ORD1169,28-02-2025,Rahul,rahul11@gmail.com,9846751763,Delhi,Delhi,Watch,Fashion,3,999.0,0.0,COD,Cancelled,03-07-2025,2997.0,2025.0,Friday,2997.0,599.4
ORD1170,21-01-2025,Neha,neha82@gmail.com,9558798402,Jaipur,Rajasthan,Shoes,Fashion,5,1499.0,0.0,COD,Delivered,21-01-2025,7495.0,2025.0,Tuesday,7495.0,1499.0
ORD1172,26-02-2025,Neha,neha16@gmail.com,9521714786,Pune,Maharashtra,Mouse,Electronics,3,499.0,0.0,Wallet,Pending,03-04-2025,1497.0,2025.0,Wednesday,1497.0,299.40000000000003
ORD1173,26-04-2025,Rahul,rahul89@gmail.com,9999073839,Bengaluru,Karnataka,Watch,Fashion,1,4999.0,0.0,COD,Cancelled,26-04-2025,4999.0,2025.0,Saturday,4999.0,999.8000000000001
ORD1175,26-02-2025,Rahul,rahul22@gmail.com,9423004673,Delhi,Delhi,Watch,Fashion,1,1499.0,0.0,Wallet,Returned,26-02-2025,1499.0,2025.0,Wednesday,1499.0,299.8
ORD1176,03-06-2025,Neha,neha19@gmail.com,Unknown,Mumbai,Maharashtra,Mouse,Electronics,3,4999.0,0.0,Wallet,Pending,06-08-2025,14997.0,2025.0,Tuesday,14997.0,2999.4
ORD1177,07-04-2025,Priya,priya13@gmail.com,9461242197,Jaipur,Rajasthan,Shoes,Fashion,4,,0.0,COD,Returned,07-04-2025,,2025.0,Monday,,
ORD1178,26-04-2025,Rohit,rohit52@gmail.com,9667967484,Lucknow,Up,Watch,Fashion,3,999.0,0.0,UPI,Cancelled,05-06-2025,2997.0,2025.0,Saturday,2997.0,599.4
ORD1179,19-05-2025,Amit,amit49@gmail.com,9617911882,Mumbai,Maharashtra,Watch,Fashion,4,4999.0,0.0,Card,Cancelled,19-05-2025,19996.0,2025.0,Monday,19996.0,3999.2000000000003
ORD1181,19-03-2025,Amit,amit5@gmail.com,9421136377,Delhi,Delhi,Laptop,Electronics,3,1499.0,0.0,COD,Cancelled,19-03-2025,4497.0,2025.0,Wednesday,4497.0,899.4000000000001
ORD1182,25-06-2025,Rahul,rahul46@gmail.com,9993898089,Bengaluru,Karnataka,Bottle,Home,5,499.0,0.0,NetBanking,Returned,07-05-2025,2495.0,2025.0,Wednesday,2495.0,499.0
ORD1183,12-04-2025,Amit,amit77@gmail.com,9241602288,Delhi,Delhi,Bottle,Home,4,9999.0,0.0,NetBanking,Cancelled,12-04-2025,39996.0,2025.0,Saturday,39996.0,7999.200000000001
ORD1185,14-02-2025,Rahul,rahul56@gmail.com,9870048875,Delhi,Delhi,Watch,Fashion,1,999.0,0.0,NetBanking,Cancelled,14-02-2025,999.0,2025.0,Friday,999.0,199.8
ORD1187,06-06-2025,Rahul,rahul91@gmail.com,9299209389,Delhi,Delhi,Mouse,Electronics,5,2599.0,0.0,Card,Returned,06-06-2025,12995.0,2025.0,Friday,12995.0,2599.0
ORD1189,,Neha,neha84@gmail.com,9104440852,Pune,Maharashtra,Shoes,Fashion,2,499.0,0.0,UPI,Pending,05-07-2025,998.0,,,998.0,199.60000000000002
ORD1190,27-06-2025,Rohit,rohit72@gmail.com,9828064790,Bengaluru,Karnataka,Laptop,Electronics,3,1499.0,0.0,NetBanking,Delivered,27-06-2025,4497.0,2025.0,Friday,4497.0,899.4000000000001
ORD1191,10-05-2025,Sneha,sneha85@gmail.com,9260651088,Bengaluru,Karnataka,Bottle,Home,3,,0.0,Wallet,Delivered,10-05-2025,,2025.0,Saturday,,
ORD1192,10-04-2025,Sneha,sneha47@gmail.com,9346739926,Lucknow,Up,Chair,Furniture,2,1499.0,0.0,UPI,Returned,10-04-2025,2998.0,2025.0,Thursday,2998.0,599.6
ORD1193,24-02-2025,Rahul,rahul83@gmail.com,9914184322,Pune,Maharashtra,Bottle,Home,3,499.0,0.0,Wallet,Returned,03-01-2025,1497.0,2025.0,Monday,1497.0,299.40000000000003
ORD1194,17-05-2025,Neha,neha48@gmail.com,9251581328,Bengaluru,Karnataka,Laptop,Electronics,5,1499.0,0.0,Card,Delivered,17-05-2025,7495.0,2025.0,Saturday,7495.0,1499.0
ORD1195,26-06-2025,Rahul,rahul97@gmail.com,9670476961,Pune,Maharashtra,Shoes,Fashion,2,9999.0,0.0,COD,Delivered,07-01-2025,19998.0,2025.0,Thursday,19998.0,3999.6000000000004
ORD1196,19-05-2025,Rohit,rohit36@gmail.com,9343829003,Lucknow,Up,Laptop,Electronics,4,9999.0,0.0,COD,Delivered,19-05-2025,39996.0,2025.0,Monday,39996.0,7999.200000000001
ORD1197,31-03-2025,Rahul,rahul76@gmail.com,9977813525,Mumbai,Maharashtra,Watch,Fashion,5,499.0,0.0,COD,Delivered,04-07-2025,2495.0,2025.0,Monday,2495.0,499.0
ORD1200,,Rohit,rohit8@gmail.com,9900633970,Jaipur,Rajasthan,Mouse,Electronics,4,1499.0,0.0,Wallet,Pending,,5996.0,,,5996.0,1199.2
ORD1201,24-01-2025,Rohit,rohit31@gmail.com,9117012775,Bengaluru,Karnataka,Shoes,Fashion,2,1999.0,0.0,UPI,Delivered,24-01-2025,3998.0,2025.0,Friday,3998.0,799.6
ORD1202,16-05-2025,Rohit,rohit29@gmail.com,9297341581,Bengaluru,Karnataka,Chair,Furniture,5,9999.0,0.0,Wallet,Delivered,16-05-2025,49995.0,2025.0,Friday,49995.0,9999.0
ORD1203,29-04-2025,Vikas,vikas36@gmail.com,9900923665,Bengaluru,Karnataka,Bottle,Home,4,2599.0,0.0,UPI,Cancelled,05-07-2025,10396.0,2025.0,Tuesday,10396.0,2079.2000000000003
ORD1204,27-04-2025,Amit,amit28@gmail.com,9221581146,Lucknow,Up,Chair,Furniture,2,2599.0,0.0,NetBanking,Pending,05-02-2025,5198.0,2025.0,Sunday,5198.0,1039.6000000000001
ORD1206,17-03-2025,Vikas,vikas95@gmail.com,9428593006,Bengaluru,Karnataka,Chair,Furniture,2,9999.0,0.0,UPI,Cancelled,17-03-2025,19998.0,2025.0,Monday,19998.0,3999.6000000000004
ORD1207,,Neha,neha51@gmail.com,9327323248,Delhi,Delhi,Laptop,Electronics,2,4999.0,0.0,UPI,Delivered,,9998.0,,,9998.0,1999.6000000000001
ORD1212,14-01-2025,Rohit,rohit67@gmail.com,9919764359,Pune,Maharashtra,Laptop,Electronics,5,1999.0,0.0,NetBanking,Delivered,14-01-2025,9995.0,2025.0,Tuesday,9995.0,1999.0
ORD1213,24-03-2025,Vikas,vikas32@gmail.com,9725923904,Mumbai,Maharashtra,Mouse,Electronics,5,1499.0,0.0,UPI,Cancelled,04-03-2025,7495.0,2025.0,Monday,7495.0,1499.0
ORD1214,22-01-2025,Neha,neha23@gmail.com,9763321213,Lucknow,Up,Shoes,Fashion,5,,0.0,NetBanking,Pending,02-01-2025,,2025.0,Wednesday,,
ORD1215,11-04-2025,Vikas,vikas57@gmail.com,9116763158,Jaipur,Rajasthan,Mouse,Electronics,5,9999.0,0.0,Wallet,Returned,11-04-2025,49995.0,2025.0,Friday,49995.0,9999.0
ORD1218,21-05-2025,Amit,amit29@gmail.com,9171906382,Lucknow,Up,Bottle,Home,2,1499.0,0.0,UPI,Returned,21-05-2025,2998.0,2025.0,Wednesday,2998.0,599.6
,26-01-2025,Rahul,rahul38@gmail.com,9240228562,Mumbai,Maharashtra,Mouse,Electronics,5,499.0,0.0,UPI,Pending,26-01-2025,2495.0,2025.0,Sunday,2495.0,499.0
ORD1220,04-04-2025,Rohit,rohit96@gmail.com,Unknown,Bengaluru,Karnataka,Watch,Fashion,1,9999.0,0.0,COD,Returned,04-08-2025,9999.0,2025.0,Friday,9999.0,1999.8000000000002
ORD1221,02-02-2025,Vikas,vikas94@gmail.com,9250810488,Lucknow,Up,Bottle,Home,5,999.0,0.0,NetBanking,Returned,02-08-2025,4995.0,2025.0,Sunday,4995.0,999.0
ORD1222,27-05-2025,Sneha,sneha39@gmail.com,9835766723,Lucknow,Up,Watch,Fashion,3,4999.0,0.0,Wallet,Returned,27-05-2025,14997.0,2025.0,Tuesday,14997.0,2999.4
ORD1223,01-05-2025,Vikas,vikas81@gmail.com,9706847038,Pune,Maharashtra,Watch,Fashion,5,4999.0,0.0,COD,Cancelled,05-10-2025,24995.0,2025.0,Thursday,24995.0,4999.0
ORD1224,15-03-2025,Rahul,rahul61@gmail.com,9378954231,Mumbai,Maharashtra,Mouse,Electronics,2,4999.0,0.0,COD,Returned,15-03-2025,9998.0,2025.0,Saturday,9998.0,1999.6000000000001
ORD1226,16-01-2025,Rohit,rohit61@gmail.com,9334158867,Mumbai,Maharashtra,Watch,Fashion,5,499.0,0.0,UPI,Cancelled,16-01-2025,2495.0,2025.0,Thursday,2495.0,499.0
ORD1227,15-01-2025,Rohit,rohit73@gmail.com,9753446036,Lucknow,Up,Bottle,Home,2,499.0,0.0,NetBanking,Returned,15-01-2025,998.0,2025.0,Wednesday,998.0,199.60000000000002
ORD1228,06-03-2025,Priya,priya72@gmail.com,9286654600,Bengaluru,Karnataka,Shoes,Fashion,2,499.0,0.0,Wallet,Pending,03-12-2025,998.0,2025.0,Thursday,998.0,199.60000000000002
ORD1229,06-06-2025,Rohit,rohit55@gmail.com,9202480572,Jaipur,Rajasthan,Bottle,Home,5,499.0,0.0,Wallet,Returned,06-10-2025,2495.0,2025.0,Friday,2495.0,499.0
ORD1230,23-01-2025,Priya,priya62@gmail.com,9703144165,Delhi,Delhi,Shoes,Fashion,3,4999.0,0.0,NetBanking,Delivered,02-02-2025,14997.0,2025.0,Thursday,14997.0,2999.4
ORD1231,07-05-2025,Neha,neha57@gmail.com,9311923454,Lucknow,Up,Bottle,Home,2,499.0,0.0,UPI,Delivered,05-10-2025,998.0,2025.0,Wednesday,998.0,199.60000000000002
ORD1233,23-04-2025,Amit,amit78@gmail.com,9170597569,Delhi,Delhi,Bottle,Home,4,999.0,0.0,NetBanking,Pending,23-04-2025,3996.0,2025.0,Wednesday,3996.0,799.2
ORD1234,,Rahul,rahul71@gmail.com,9252370625,Mumbai,Maharashtra,Mouse,Electronics,4,2599.0,0.0,COD,Delivered,,10396.0,,,10396.0,2079.2000000000003
ORD1235,10-06-2025,Rohit,rohit82@gmail.com,9786681008,Mumbai,Maharashtra,Laptop,Electronics,5,9999.0,0.0,Wallet,Returned,10-06-2025,49995.0,2025.0,Tuesday,49995.0,9999.0
ORD1236,30-03-2025,Sneha,sneha52@gmail.com,9467598211,Pune,Maharashtra,Shoes,Fashion,5,4999.0,0.0,UPI,Returned,04-08-2025,24995.0,2025.0,Sunday,24995.0,4999.0
ORD1237,08-02-2025,Sneha,sneha64@gmail.com,9609840956,Delhi,Delhi,Mouse,Electronics,5,2599.0,0.0,NetBanking,Pending,02-12-2025,12995.0,2025.0,Saturday,12995.0,2599.0
ORD1238,13-02-2025,Sneha,sneha20@gmail.com,9215923777,Jaipur,Rajasthan,Chair,Furniture,3,2599.0,0.0,Wallet,Returned,13-02-2025,7797.0,2025.0,Thursday,7797.0,1559.4
ORD1239,02-02-2025,Amit,amit99@gmail.com,9298132383,Delhi,Delhi,Mouse,Electronics,4,4999.0,0.0,COD,Delivered,02-09-2025,19996.0,2025.0,Sunday,19996.0,3999.2000000000003
ORD1240,,Rahul,rahul41@gmail.com,9473396808,Pune,Maharashtra,Laptop,Electronics,1,1999.0,0.0,Wallet,Pending,,1999.0,,,1999.0,399.8
ORD1241,13-04-2025,Rahul,rahul74@gmail.com,9266228954,Delhi,Delhi,Chair,Furniture,5,1499.0,0.0,COD,Cancelled,13-04-2025,7495.0,2025.0,Sunday,7495.0,1499.0
ORD1242,18-06-2025,Priya,priya44@gmail.com,Unknown,Bengaluru,Karnataka,Chair,Furniture,4,9999.0,0.0,NetBanking,Returned,18-06-2025,39996.0,2025.0,Wednesday,39996.0,7999.200000000001
ORD1243,,Neha,neha72@gmail.com,9384057702,Lucknow,Up,Chair,Furniture,5,999.0,0.0,Wallet,Cancelled,,4995.0,,,4995.0,999.0
ORD1244,19-01-2025,Amit,amit54@gmail.com,9855809712,Mumbai,Maharashtra,Shoes,Fashion,5,499.0,0.0,Card,Pending,19-01-2025,2495.0,2025.0,Sunday,2495.0,499.0
ORD1245,20-04-2025,Rahul,rahul89@gmail.com,9549999839,Delhi,Delhi,Chair,Furniture,5,1499.0,0.0,COD,Pending,20-04-2025,7495.0,2025.0,Sunday,7495.0,1499.0
ORD1246,18-06-2025,Sneha,sneha96@gmail.com,9947789147,Mumbai,Maharashtra,Watch,Fashion,4,,0.0,UPI,Returned,18-06-2025,,2025.0,Wednesday,,
ORD1247,28-06-2025,Amit,amit15@gmail.com,9343013197,Delhi,Delhi,Chair,Furniture,5,1999.0,0.0,Card,Delivered,07-01-2025,9995.0,2025.0,Saturday,9995.0,1999.0
ORD1249,17-04-2025,Vikas,vikas45@gmail.com,9491984023,Mumbai,Maharashtra,Mouse,Electronics,5,499.0,0.0,COD,Cancelled,17-04-2025,2495.0,2025.0,Thursday,2495.0,499.0
ORD1251,26-06-2025,Neha,neha24@gmail.com,9849220357,Mumbai,Maharashtra,Watch,Fashion,3,1999.0,0.0,Wallet,Cancelled,07-05-2025,5997.0,2025.0,Thursday,5997.0,1199.4
ORD1253,27-03-2025,Priya,priya3@gmail.com,9739892616,Pune,Maharashtra,Laptop,Electronics,5,1999.0,0.0,NetBanking,Cancelled,04-01-2025,9995.0,2025.0,Thursday,9995.0,1999.0
ORD1256,02-01-2025,Rahul,rahul71@gmail.com,9808851312,Mumbai,Maharashtra,Laptop,Electronics,2,499.0,0.0,COD,Pending,01-07-2025,998.0,2025.0,Thursday,998.0,199.60000000000002
ORD1258,13-02-2025,Neha,neha55@gmail.com,9196604908,Lucknow,Up,Shoes,Fashion,2,4999.0,0.0,NetBanking,Delivered,13-02-2025,9998.0,2025.0,Thursday,9998.0,1999.6000000000001
ORD1259,21-03-2025,Rahul,rahul55@gmail.com,9414758374,Delhi,Delhi,Mouse,Electronics,5,999.0,0.0,Wallet,Returned,21-03-2025,4995.0,2025.0,Friday,4995.0,999.0
ORD1262,29-06-2025,Sneha,sneha24@gmail.com,9282445351,Pune,Maharashtra,Bottle,Home,5,499.0,0.0,Card,Returned,07-07-2025,2495.0,2025.0,Sunday,2495.0,499.0
ORD1263,23-05-2025,Amit,amit89@gmail.com,9432372075,Mumbai,Maharashtra,Laptop,Electronics,3,1999.0,0.0,Wallet,Returned,23-05-2025,5997.0,2025.0,Friday,5997.0,1199.4
ORD1266,12-04-2025,Sneha,sneha10@gmail.com,9408316749,Mumbai,Maharashtra,Shoes,Fashion,3,499.0,0.0,COD,Delivered,12-04-2025,1497.0,2025.0,Saturday,1497.0,299.40000000000003
ORD1267,09-01-2025,Neha,neha54@gmail.com,9588418445,Mumbai,Maharashtra,Mouse,Electronics,4,499.0,0.0,Wallet,Cancelled,09-01-2025,1996.0,2025.0,Thursday,1996.0,399.20000000000005
ORD1268,12-02-2025,Neha,neha99@gmail.com,9434349945,Jaipur,Rajasthan,Watch,Fashion,3,9999.0,0.0,UPI,Pending,12-02-2025,29997.0,2025.0,Wednesday,29997.0,5999.400000000001
ORD1271,12-06-2025,Rohit,rohit72@gmail.com,9387139728,Pune,Maharashtra,Shoes,Fashion,5,2599.0,0.0,UPI,Returned,12-06-2025,12995.0,2025.0,Thursday,12995.0,2599.0
ORD1273,19-05-2025,Vikas,vikas29@gmail.com,9933581073,Bengaluru,Karnataka,Bottle,Home,5,999.0,0.0,NetBanking,Pending,19-05-2025,4995.0,2025.0,Monday,4995.0,999.0
ORD1275,15-03-2025,Priya,priya71@gmail.com,9884785474,Pune,Maharashtra,Shoes,Fashion,1,1999.0,0.0,COD,Returned,15-03-2025,1999.0,2025.0,Saturday,1999.0,399.8
ORD1276,22-01-2025,Rahul,rahul20@gmail.com,9738093025,Mumbai,Maharashtra,Shoes,Fashion,1,1999.0,0.0,Wallet,Cancelled,22-01-2025,1999.0,2025.0,Wednesday,1999.0,399.8
ORD1277,21-03-2025,Sneha,sneha4@gmail.com,9514685895,Bengaluru,Karnataka,Chair,Furniture,2,2599.0,0.0,COD,Returned,21-03-2025,5198.0,2025.0,Friday,5198.0,1039.6000000000001
ORD1278,31-05-2025,Amit,amit21@gmail.com,9142819354,Pune,Maharashtra,Watch,Fashion,2,4999.0,0.0,UPI,Delivered,06-04-2025,9998.0,2025.0,Saturday,9998.0,1999.6000000000001
ORD1280,,Rahul,rahul74@gmail.com,9352557106,Pune,Maharashtra,Laptop,Electronics,4,1999.0,0.0,Card,Delivered,,7996.0,,,7996.0,1599.2
ORD1283,26-04-2025,Vikas,vikas32@gmail.com,9297674020,Jaipur,Rajasthan,Laptop,Electronics,5,1499.0,0.0,COD,Returned,05-06-2025,7495.0,2025.0,Saturday,7495.0,1499.0
ORD1285,13-05-2025,Rahul,rahul62@gmail.com,9780966201,Lucknow,Up,Watch,Fashion,1,1999.0,0.0,UPI,Cancelled,13-05-2025,1999.0,2025.0,Tuesday,1999.0,399.8
ORD1286,03-04-2025,Sneha,sneha18@gmail.com,Unknown,Mumbai,Maharashtra,Shoes,Fashion,5,999.0,0.0,Card,Delivered,04-06-2025,4995.0,2025.0,Thursday,4995.0,999.0
ORD1288,,Priya,priya37@gmail.com,9149442884,Bengaluru,Karnataka,Laptop,Electronics,1,4999.0,0.0,Wallet,Cancelled,04-03-2025,4999.0,,,4999.0,999.8000000000001
ORD1289,31-03-2025,Vikas,vikas42@gmail.com,9651366276,Jaipur,Rajasthan,Watch,Fashion,5,999.0,0.0,COD,Delivered,04-03-2025,4995.0,2025.0,Monday,4995.0,999.0
ORD1291,26-03-2025,Amit,amit94@gmail.com,9934522676,Delhi,Delhi,Bottle,Home,2,999.0,0.0,Card,Pending,26-03-2025,1998.0,2025.0,Wednesday,1998.0,399.6
,24-06-2025,Rahul,rahul60@gmail.com,9250231514,Pune,Maharashtra,Laptop,Electronics,2,1499.0,0.0,COD,Pending,24-06-2025,2998.0,2025.0,Tuesday,2998.0,599.6
ORD1293,14-03-2025,Rahul,rahul10@gmail.com,9168263225,Bengaluru,Karnataka,Laptop,Electronics,3,,0.0,UPI,Returned,14-03-2025,,2025.0,Friday,,
ORD1296,25-06-2025,Sneha,sneha88@gmail.com,9807038611,Pune,Maharashtra,Laptop,Electronics,5,,0.0,Wallet,Pending,25-06-2025,,2025.0,Wednesday,,
ORD1297,,Sneha,sneha36@gmail.com,9321478481,Bengaluru,Karnataka,Shoes,Fashion,3,9999.0,0.0,Wallet,Pending,,29997.0,,,29997.0,5999.400000000001
ORD1299,12-05-2025,Rohit,rohit84@gmail.com,9519363731,Mumbai,Maharashtra,Shoes,Fashion,5,1999.0,0.0,UPI,Returned,12-05-2025,9995.0,2025.0,Monday,9995.0,1999.0
ORD1300,25-02-2025,Amit,amit19@gmail.com,9222483704,Jaipur,Rajasthan,Bottle,Home,1,499.0,0.0,NetBanking,Delivered,25-02-2025,499.0,2025.0,Tuesday,499.0,99.80000000000001
ORD1302,20-05-2025,Amit,amit79@gmail.com,9239911474,Bengaluru,Karnataka,Watch,Fashion,2,4999.0,0.0,COD,Returned,20-05-2025,9998.0,2025.0,Tuesday,9998.0,1999.6000000000001
ORD1303,20-06-2025,Rahul,rahul6@gmail.com,9432269451,Jaipur,Rajasthan,Shoes,Fashion,3,,0.0,Wallet,Delivered,20-06-2025,,2025.0,Friday,,
ORD1305,09-02-2025,Vikas,vikas86@gmail.com,9523265367,Bengaluru,Karnataka,Chair,Furniture,4,1999.0,0.0,COD,Delivered,02-12-2025,7996.0,2025.0,Sunday,7996.0,1599.2
ORD1306,,Sneha,sneha87@gmail.com,9217558569,Mumbai,Maharashtra,Mouse,Electronics,1,999.0,0.0,Wallet,Delivered,01-12-2025,999.0,,,999.0,199.8
ORD1307,19-02-2025,Amit,amit22@gmail.com,9261952088,Bengaluru,Karnataka,Laptop,Electronics,5,9999.0,0.0,NetBanking,Delivered,19-02-2025,49995.0,2025.0,Wednesday,49995.0,9999.0
ORD1308,09-02-2025,Rahul,rahul41@gmail.com,Unknown,Delhi,Delhi,Chair,Furniture,2,1499.0,0.0,COD,Pending,02-12-2025,2998.0,2025.0,Sunday,2998.0,599.6
ORD1309,08-04-2025,Sneha,sneha88@gmail.com,9392114679,Jaipur,Rajasthan,Shoes,Fashion,2,1999.0,0.0,COD,Cancelled,08-04-2025,3998.0,2025.0,Tuesday,3998.0,799.6
ORD1311,23-06-2025,Sneha,sneha18@gmail.com,9199150123,Jaipur,Rajasthan,Bottle,Home,4,1999.0,0.0,Wallet,Pending,07-02-2025,7996.0,2025.0,Monday,7996.0,1599.2
ORD1312,03-02-2025,Amit,amit19@gmail.com,9113360501,Pune,Maharashtra,Laptop,Electronics,5,9999.0,0.0,COD,Cancelled,02-08-2025,49995.0,2025.0,Monday,49995.0,9999.0
ORD1313,12-03-2025,Vikas,vikas2@gmail.com,9296775424,Lucknow,Up,Bottle,Home,2,499.0,0.0,Wallet,Returned,12-03-2025,998.0,2025.0,Wednesday,998.0,199.60000000000002
ORD1314,14-01-2025,Vikas,vikas8@gmail.com,9612657813,Pune,Maharashtra,Chair,Furniture,5,4999.0,0.0,COD,Delivered,14-01-2025,24995.0,2025.0,Tuesday,24995.0,4999.0
ORD1315,,Rohit,rohit38@gmail.com,9122667888,Lucknow,Up,Laptop,Electronics,4,499.0,0.0,NetBanking,Delivered,06-11-2025,1996.0,,,1996.0,399.20000000000005
ORD1316,14-02-2025,Amit,amit95@gmail.com,9399340561,Jaipur,Rajasthan,Bottle,Home,3,,0.0,UPI,Delivered,14-02-2025,,2025.0,Friday,,
ORD1317,11-02-2025,Sneha,sneha63@gmail.com,9849913603,Jaipur,Rajasthan,Shoes,Fashion,4,,0.0,NetBanking,Delivered,11-02-2025,,2025.0,Tuesday,,
ORD1318,21-02-2025,Rahul,rahul73@gmail.com,9771789560,Bengaluru,Karnataka,Bottle,Home,2,499.0,0.0,NetBanking,Cancelled,21-02-2025,998.0,2025.0,Friday,998.0,199.60000000000002
ORD1319,10-06-2025,Rahul,rahul7@gmail.com,9894093725,Mumbai,Maharashtra,Mouse,Electronics,5,,0.0,COD,Cancelled,06-12-2025,,2025.0,Tuesday,,
ORD1320,,Rahul,rahul4@gmail.com,9574814751,Pune,Maharashtra,Laptop,Electronics,1,4999.0,0.0,NetBanking,Cancelled,,4999.0,,,4999.0,999.8000000000001
ORD1321,18-06-2025,Vikas,vikas53@gmail.com,9910821614,Mumbai,Maharashtra,Bottle,Home,3,999.0,0.0,NetBanking,Returned,18-06-2025,2997.0,2025.0,Wednesday,2997.0,599.4
ORD1322,16-04-2025,Vikas,vikas30@gmail.com,9997851784,Pune,Maharashtra,Mouse,Electronics,5,4999.0,0.0,Card,Returned,16-04-2025,24995.0,2025.0,Wednesday,24995.0,4999.0
ORD1323,04-01-2025,Priya,priya11@gmail.com,9838548948,Jaipur,Rajasthan,Shoes,Fashion,2,9999.0,0.0,COD,Pending,01-11-2025,19998.0,2025.0,Saturday,19998.0,3999.6000000000004
ORD1324,,Rohit,rohit58@gmail.com,9113037103,Pune,Maharashtra,Laptop,Electronics,5,4999.0,0.0,NetBanking,Pending,06-05-2025,24995.0,,,24995.0,4999.0
ORD1325,29-05-2025,Amit,amit47@gmail.com,9397896952,Pune,Maharashtra,Mouse,Electronics,2,2599.0,0.0,Card,Pending,29-05-2025,5198.0,2025.0,Thursday,5198.0,1039.6000000000001
ORD1327,23-06-2025,Amit,amit42@gmail.com,9292419662,Delhi,Delhi,Laptop,Electronics,2,1999.0,0.0,Wallet,Pending,07-01-2025,3998.0,2025.0,Monday,3998.0,799.6
ORD1328,15-05-2025,Amit,amit64@gmail.com,9310217232,Mumbai,Maharashtra,Chair,Furniture,3,1999.0,0.0,NetBanking,Returned,15-05-2025,5997.0,2025.0,Thursday,5997.0,1199.4
ORD1329,09-05-2025,Rahul,rahul90@gmail.com,9706293416,Delhi,Delhi,Bottle,Home,5,4999.0,0.0,NetBanking,Returned,09-05-2025,24995.0,2025.0,Friday,24995.0,4999.0
ORD1330,06-06-2025,Vikas,vikas41@gmail.com,Unknown,Lucknow,Up,Mouse,Electronics,3,9999.0,0.0,UPI,Pending,06-10-2025,29997.0,2025.0,Friday,29997.0,5999.400000000001
ORD1331,23-06-2025,Sneha,sneha20@gmail.com,9561744309,Pune,Maharashtra,Mouse,Electronics,5,4999.0,0.0,COD,Delivered,23-06-2025,24995.0,2025.0,Monday,24995.0,4999.0
ORD1332,20-02-2025,Rohit,rohit35@gmail.com,9532206110,Bengaluru,Karnataka,Shoes,Fashion,3,,0.0,NetBanking,Cancelled,20-02-2025,,2025.0,Thursday,,
ORD1333,,Sneha,sneha67@gmail.com,9324547716,Bengaluru,Karnataka,Laptop,Electronics,4,4999.0,0.0,Wallet,Delivered,05-11-2025,19996.0,,,19996.0,3999.2000000000003
ORD1334,27-02-2025,Rahul,rahul98@gmail.com,9151907626,Pune,Maharashtra,Bottle,Home,3,1999.0,0.0,Card,Returned,03-08-2025,5997.0,2025.0,Thursday,5997.0,1199.4
ORD1335,08-04-2025,Rohit,rohit34@gmail.com,9113457890,Lucknow,Up,Chair,Furniture,3,2599.0,0.0,Card,Pending,08-04-2025,7797.0,2025.0,Tuesday,7797.0,1559.4
ORD1337,04-02-2025,Rahul,rahul58@gmail.com,9753076727,Jaipur,Rajasthan,Laptop,Electronics,4,999.0,0.0,NetBanking,Cancelled,04-02-2025,3996.0,2025.0,Tuesday,3996.0,799.2
ORD1338,13-06-2025,Neha,neha99@gmail.com,9429636320,Lucknow,Up,Laptop,Electronics,5,4999.0,0.0,Wallet,Pending,13-06-2025,24995.0,2025.0,Friday,24995.0,4999.0
ORD1339,23-02-2025,Rahul,rahul24@gmail.com,9301753805,Lucknow,Up,Watch,Fashion,3,499.0,0.0,COD,Delivered,23-02-2025,1497.0,2025.0,Sunday,1497.0,299.40000000000003
ORD1340,27-03-2025,Rohit,rohit84@gmail.com,9258772494,Mumbai,Maharashtra,Shoes,Fashion,4,1499.0,0.0,Card,Delivered,04-06-2025,5996.0,2025.0,Thursday,5996.0,1199.2
ORD1342,,Rahul,rahul19@gmail.com,9869257406,Pune,Maharashtra,Chair,Furniture,5,,0.0,Wallet,Delivered,,,,,,
ORD1343,23-02-2025,Rahul,rahul12@gmail.com,9783047502,Jaipur,Rajasthan,Laptop,Electronics,4,2599.0,0.0,NetBanking,Returned,23-02-2025,10396.0,2025.0,Sunday,10396.0,2079.2000000000003
ORD1345,05-06-2025,Sneha,sneha27@gmail.com,9536056189,Delhi,Delhi,Mouse,Electronics,1,499.0,0.0,NetBanking,Returned,05-06-2025,499.0,2025.0,Thursday,499.0,99.80000000000001
ORD1346,07-05-2025,Vikas,vikas51@gmail.com,9654467591,Lucknow,Up,Chair,Furniture,2,9999.0,0.0,UPI,Pending,07-05-2025,19998.0,2025.0,Wednesday,19998.0,3999.6000000000004
ORD1347,29-03-2025,Sneha,sneha3@gmail.com,9348019295,Mumbai,Maharashtra,Shoes,Fashion,1,499.0,0.0,UPI,Pending,29-03-2025,499.0,2025.0,Saturday,499.0,99.80000000000001
ORD1348,07-05-2025,Rahul,rahul68@gmail.com,9857040338,Mumbai,Maharashtra,Mouse,Electronics,2,499.0,0.0,COD,Delivered,05-09-2025,998.0,2025.0,Wednesday,998.0,199.60000000000002
ORD1349,21-03-2025,Amit,amit68@gmail.com,9794705508,Pune,Maharashtra,Bottle,Home,5,999.0,0.0,UPI,Delivered,21-03-2025,4995.0,2025.0,Friday,4995.0,999.0
ORD1350,10-04-2025,Rohit,rohit72@gmail.com,9665886128,Bengaluru,Karnataka,Laptop,Electronics,5,9999.0,0.0,Card,Returned,10-04-2025,49995.0,2025.0,Thursday,49995.0,9999.0
ORD1351,,Priya,priya80@gmail.com,9924669279,Jaipur,Rajasthan,Shoes,Fashion,5,1999.0,0.0,Wallet,Returned,,9995.0,,,9995.0,1999.0
ORD1352,23-04-2025,Vikas,vikas87@gmail.com,Unknown,Delhi,Delhi,Chair,Furniture,3,4999.0,0.0,UPI,Delivered,23-04-2025,14997.0,2025.0,Wednesday,14997.0,2999.4
ORD1354,03-04-2025,Rahul,rahul12@gmail.com,9783505215,Mumbai,Maharashtra,Mouse,Electronics,1,499.0,0.0,Wallet,Returned,04-07-2025,499.0,2025.0,Thursday,499.0,99.80000000000001
ORD1355,10-03-2025,Sneha,sneha18@gmail.com,9117422351,Mumbai,Maharashtra,Watch,Fashion,4,999.0,0.0,Wallet,Pending,10-03-2025,3996.0,2025.0,Monday,3996.0,799.2
ORD1356,03-06-2025,Vikas,vikas64@gmail.com,9191378164,Bengaluru,Karnataka,Laptop,Electronics,4,2599.0,0.0,NetBanking,Returned,03-06-2025,10396.0,2025.0,Tuesday,10396.0,2079.2000000000003
ORD1357,06-04-2025,Neha,neha91@gmail.com,9732569957,Bengaluru,Karnataka,Mouse,Electronics,5,2599.0,0.0,COD,Delivered,06-04-2025,12995.0,2025.0,Sunday,12995.0,2599.0
ORD1358,15-01-2025,Vikas,vikas80@gmail.com,9139900666,Pune,Maharashtra,Bottle,Home,4,9999.0,0.0,UPI,Delivered,15-01-2025,39996.0,2025.0,Wednesday,39996.0,7999.200000000001
ORD1359,03-06-2025,Priya,priya71@gmail.com,9848437643,Bengaluru,Karnataka,Shoes,Fashion,5,1499.0,0.0,Wallet,Cancelled,06-09-2025,7495.0,2025.0,Tuesday,7495.0,1499.0
ORD1360,,Vikas,vikas94@gmail.com,9394841989,Lucknow,Up,Bottle,Home,1,1999.0,0.0,COD,Pending,,1999.0,,,1999.0,399.8
ORD1361,30-01-2025,Amit,amit73@gmail.com,9645486322,Lucknow,Up,Mouse,Electronics,3,1999.0,0.0,NetBanking,Pending,02-09-2025,5997.0,2025.0,Thursday,5997.0,1199.4
ORD1362,13-05-2025,Priya,priya84@gmail.com,9419451949,Pune,Maharashtra,Bottle,Home,3,9999.0,0.0,UPI,Delivered,13-05-2025,29997.0,2025.0,Tuesday,29997.0,5999.400000000001
ORD1364,12-05-2025,Rahul,rahul80@gmail.com,9356805063,Bengaluru,Karnataka,Mouse,Electronics,5,499.0,0.0,COD,Cancelled,12-05-2025,2495.0,2025.0,Monday,2495.0,499.0
,23-06-2025,Sneha,sneha38@gmail.com,9546087489,Pune,Maharashtra,Shoes,Fashion,5,9999.0,0.0,Wallet,Returned,23-06-2025,49995.0,2025.0,Monday,49995.0,9999.0
ORD1369,,Sneha,sneha15@gmail.com,9836165631,Pune,Maharashtra,Shoes,Fashion,5,1499.0,0.0,Card,Returned,,7495.0,,,7495.0,1499.0
ORD1370,17-05-2025,Rahul,rahul24@gmail.com,9244713912,Bengaluru,Karnataka,Bottle,Home,5,4999.0,0.0,Wallet,Pending,17-05-2025,24995.0,2025.0,Saturday,24995.0,4999.0
ORD1371,04-01-2025,Sneha,sneha55@gmail.com,9125679072,Jaipur,Rajasthan,Chair,Furniture,2,1999.0,0.0,Wallet,Delivered,04-01-2025,3998.0,2025.0,Saturday,3998.0,799.6
ORD1373,12-05-2025,Neha,neha77@gmail.com,9898877941,Pune,Maharashtra,Bottle,Home,4,4999.0,0.0,Wallet,Returned,12-05-2025,19996.0,2025.0,Monday,19996.0,3999.2000000000003
ORD1375,04-04-2025,Rahul,rahul19@gmail.com,9691259107,Mumbai,Maharashtra,Bottle,Home,1,2599.0,0.0,UPI,Delivered,04-04-2025,2599.0,2025.0,Friday,2599.0,519.8000000000001
ORD1376,01-06-2025,Sneha,sneha34@gmail.com,9409847018,Lucknow,Up,Mouse,Electronics,4,999.0,0.0,COD,Delivered,06-11-2025,3996.0,2025.0,Sunday,3996.0,799.2
ORD1378,,Vikas,vikas70@gmail.com,9986148293,Mumbai,Maharashtra,Shoes,Fashion,4,1499.0,0.0,COD,Cancelled,,5996.0,,,5996.0,1199.2
ORD1379,19-01-2025,Amit,amit6@gmail.com,9793867955,Bengaluru,Karnataka,Watch,Fashion,5,,0.0,NetBanking,Pending,19-01-2025,,2025.0,Sunday,,
ORD1380,23-02-2025,Rahul,rahul45@gmail.com,9536788264,Mumbai,Maharashtra,Laptop,Electronics,4,9999.0,0.0,NetBanking,Returned,03-03-2025,39996.0,2025.0,Sunday,39996.0,7999.200000000001
ORD1381,06-02-2025,Neha,neha93@gmail.com,9427460011,Bengaluru,Karnataka,Shoes,Fashion,5,2599.0,0.0,Card,Pending,02-10-2025,12995.0,2025.0,Thursday,12995.0,2599.0
ORD1382,25-01-2025,Rahul,rahul41@gmail.com,9829324614,Mumbai,Maharashtra,Chair,Furniture,1,1499.0,0.0,Wallet,Pending,02-04-2025,1499.0,2025.0,Saturday,1499.0,299.8
ORD1383,31-01-2025,Sneha,sneha4@gmail.com,9544514226,Pune,Maharashtra,Shoes,Fashion,2,,0.0,NetBanking,Cancelled,02-06-2025,,2025.0,Friday,,
ORD1385,25-01-2025,Sneha,sneha67@gmail.com,9237413851,Pune,Maharashtra,Watch,Fashion,3,2599.0,0.0,UPI,Returned,25-01-2025,7797.0,2025.0,Saturday,7797.0,1559.4
ORD1387,,Sneha,sneha95@gmail.com,9193279554,Mumbai,Maharashtra,Watch,Fashion,4,9999.0,0.0,UPI,Delivered,,39996.0,,,39996.0,7999.200000000001
ORD1390,02-03-2025,Sneha,sneha78@gmail.com,9322453651,Delhi,Delhi,Laptop,Electronics,3,,0.0,NetBanking,Delivered,03-11-2025,,2025.0,Sunday,,
ORD1391,20-05-2025,Neha,neha45@gmail.com,9753301285,Bengaluru,Karnataka,Bottle,Home,5,999.0,0.0,Card,Returned,20-05-2025,4995.0,2025.0,Tuesday,4995.0,999.0
ORD1392,20-06-2025,Vikas,vikas1@gmail.com,9619221858,Bengaluru,Karnataka,Chair,Furniture,1,9999.0,0.0,COD,Cancelled,20-06-2025,9999.0,2025.0,Friday,9999.0,1999.8000000000002
ORD1395,29-06-2025,Neha,neha45@gmail.com,9291811387,Lucknow,Up,Chair,Furniture,1,499.0,0.0,COD,Pending,07-07-2025,499.0,2025.0,Sunday,499.0,99.80000000000001
ORD1397,14-04-2025,Neha,neha78@gmail.com,9357537586,Delhi,Delhi,Mouse,Electronics,2,,0.0,Wallet,Cancelled,14-04-2025,,2025.0,Monday,,
ORD1398,02-03-2025,Neha,neha25@gmail.com,9218737753,Bengaluru,Karnataka,Laptop,Electronics,3,1999.0,0.0,NetBanking,Cancelled,03-08-2025,5997.0,2025.0,Sunday,5997.0,1199.4
ORD1399,06-01-2025,Neha,neha99@gmail.com,9936830524,Pune,Maharashtra,Chair,Furniture,3,1499.0,0.0,UPI,Returned,06-01-2025,4497.0,2025.0,Monday,4497.0,899.4000000000001
ORD1400,,Rahul,rahul47@gmail.com,9349245979,Lucknow,Up,Bottle,Home,4,1999.0,0.0,Card,Returned,,7996.0,,,7996.0,1599.2
ORD1401,17-06-2025,Rohit,rohit47@gmail.com,9281394007,Delhi,Delhi,Laptop,Electronics,4,1999.0,0.0,COD,Returned,17-06-2025,7996.0,2025.0,Tuesday,7996.0,1599.2
ORD1402,15-06-2025,Rohit,rohit82@gmail.com,9529644273,Jaipur,Rajasthan,Laptop,Electronics,1,1499.0,0.0,COD,Returned,15-06-2025,1499.0,2025.0,Sunday,1499.0,299.8
ORD1404,11-04-2025,Sneha,sneha22@gmail.com,9434292317,Mumbai,Maharashtra,Laptop,Electronics,4,1499.0,0.0,Wallet,Cancelled,11-04-2025,5996.0,2025.0,Friday,5996.0,1199.2
ORD1405,,Amit,amit80@gmail.com,9897156362,Mumbai,Maharashtra,Watch,Fashion,1,1499.0,3.0,Wallet,Returned,,1499.0,,,1454.03,290.806
ORD1406,24-01-2025,Neha,neha53@gmail.com,9256072372,Bengaluru,Karnataka,Watch,Fashion,5,4999.0,2.0,UPI,Delivered,24-01-2025,24995.0,2025.0,Friday,24495.1,4899.0199999999995
ORD1407,17-01-2025,Rahul,rahul1@gmail.com,9762627881,Bengaluru,Karnataka,Chair,Furniture,5,1999.0,0.0,Card,Cancelled,17-01-2025,9995.0,2025.0,Friday,9995.0,1999.0
ORD1408,13-02-2025,Neha,neha66@gmail.com,9629553838,Jaipur,Rajasthan,Mouse,Electronics,5,2599.0,0.0,Wallet,Returned,13-02-2025,12995.0,2025.0,Thursday,12995.0,2599.0
ORD1409,06-02-2025,Priya,priya1@gmail.com,9526867921,Delhi,Delhi,Watch,Fashion,4,9999.0,4.0,Wallet,Returned,02-08-2025,39996.0,2025.0,Thursday,38396.16,7679.232000000001
ORD1411,13-01-2025,Sneha,sneha95@gmail.com,9918096448,Mumbai,Maharashtra,Laptop,Electronics,1,1999.0,2.0,COD,Pending,13-01-2025,1999.0,2025.0,Monday,1959.02,391.80400000000003
ORD1412,24-04-2025,Vikas,vikas28@gmail.com,9954928448,Mumbai,Maharashtra,Watch,Fashion,5,1999.0,54.0,COD,Pending,05-03-2025,9995.0,2025.0,Thursday,4597.7,919.54
ORD1413,24-01-2025,Sneha,sneha36@gmail.com,9979933333,Pune,Maharashtra,Laptop,Electronics,5,,23.0,COD,Cancelled,24-01-2025,,2025.0,Friday,,
ORD1414,,Rohit,rohit22@gmail.com,9342595670,Lucknow,Up,Shoes,Fashion,3,,0.0,Wallet,Pending,05-11-2025,,,,,
ORD1416,14-03-2025,Rahul,rahul73@gmail.com,9442177066,Jaipur,Rajasthan,Watch,Fashion,4,,5.0,COD,Delivered,14-03-2025,,2025.0,Friday,,
ORD1417,04-01-2025,Rohit,rohit91@gmail.com,9485740696,Delhi,Delhi,Mouse,Electronics,4,4999.0,3.0,UPI,Pending,04-01-2025,19996.0,2025.0,Saturday,19396.12,3879.224
ORD1418,05-04-2025,Sneha,sneha54@gmail.com,Unknown,Jaipur,Rajasthan,Chair,Furniture,4,4999.0,34.0,NetBanking,Returned,05-04-2025,19996.0,2025.0,Saturday,13197.36,2639.472
ORD1419,23-06-2025,Rohit,rohit64@gmail.com,9562675135,Jaipur,Rajasthan,Chair,Furniture,3,1499.0,,Wallet,Delivered,07-01-2025,4497.0,2025.0,Monday,,
ORD1420,14-04-2025,Priya,priya90@gmail.com,9279538962,Bengaluru,Karnataka,Watch,Fashion,4,,0.0,NetBanking,Pending,14-04-2025,,2025.0,Monday,,
ORD1421,14-03-2025,Vikas,vikas31@gmail.com,9183431745,Mumbai,Maharashtra,Watch,Fashion,4,999.0,0.0,NetBanking,Pending,14-03-2025,3996.0,2025.0,Friday,3996.0,799.2
ORD1422,09-05-2025,Amit,amit95@gmail.com,9157480200,Delhi,Delhi,Watch,Fashion,5,4999.0,0.0,NetBanking,Cancelled,09-05-2025,24995.0,2025.0,Friday,24995.0,4999.0
ORD1424,29-03-2025,Priya,priya48@gmail.com,9166100655,Bengaluru,Karnataka,Laptop,Electronics,2,9999.0,0.0,NetBanking,Cancelled,04-04-2025,19998.0,2025.0,Saturday,19998.0,3999.6000000000004
ORD1426,19-06-2025,Priya,priya86@gmail.com,9338976081,Pune,Maharashtra,Laptop,Electronics,5,1499.0,0.0,COD,Delivered,19-06-2025,7495.0,2025.0,Thursday,7495.0,1499.0
ORD1427,14-02-2025,Sneha,sneha25@gmail.com,9764093062,Jaipur,Rajasthan,Watch,Fashion,5,9999.0,0.0,NetBanking,Pending,14-02-2025,49995.0,2025.0,Friday,49995.0,9999.0
ORD1428,02-04-2025,Priya,priya27@gmail.com,9575383484,Jaipur,Rajasthan,Bottle,Home,5,499.0,0.0,Card,Cancelled,04-08-2025,2495.0,2025.0,Wednesday,2495.0,499.0
ORD1430,13-02-2025,Sneha,sneha17@gmail.com,9770563699,Lucknow,Up,Watch,Fashion,5,1499.0,0.0,Wallet,Cancelled,13-02-2025,7495.0,2025.0,Thursday,7495.0,1499.0
ORD1431,05-02-2025,Priya,priya43@gmail.com,9340031993,Bengaluru,Karnataka,Shoes,Fashion,2,999.0,0.0,COD,Cancelled,05-02-2025,1998.0,2025.0,Wednesday,1998.0,399.6
ORD1433,16-04-2025,Sneha,sneha19@gmail.com,9818263600,Jaipur,Rajasthan,Shoes,Fashion,5,499.0,0.0,UPI,Cancelled,16-04-2025,2495.0,2025.0,Wednesday,2495.0,499.0
ORD1435,05-03-2025,Rohit,rohit67@gmail.com,9653409026,Lucknow,Up,Laptop,Electronics,5,4999.0,0.0,NetBanking,Cancelled,03-08-2025,24995.0,2025.0,Wednesday,24995.0,4999.0
ORD1436,22-06-2025,Amit,amit73@gmail.com,9568733492,Lucknow,Up,Watch,Fashion,5,999.0,0.0,UPI,Cancelled,07-01-2025,4995.0,2025.0,Sunday,4995.0,999.0
ORD1437,01-06-2025,Vikas,vikas1@gmail.com,9541696034,Bengaluru,Karnataka,Bottle,Home,4,2599.0,0.0,NetBanking,Cancelled,06-09-2025,10396.0,2025.0,Sunday,10396.0,2079.2000000000003
,14-01-2025,Priya,priya40@gmail.com,9861729728,Delhi,Delhi,Bottle,Home,2,499.0,0.0,COD,Cancelled,14-01-2025,998.0,2025.0,Tuesday,998.0,199.60000000000002
ORD1439,22-05-2025,Rahul,rahul34@gmail.com,9519365466,Lucknow,Up,Mouse,Electronics,5,1499.0,0.0,NetBanking,Delivered,22-05-2025,7495.0,2025.0,Thursday,7495.0,1499.0
ORD1440,,Rohit,rohit72@gmail.com,Unknown,Pune,Maharashtra,Watch,Fashion,2,4999.0,0.0,NetBanking,Pending,02-12-2025,9998.0,,,9998.0,1999.6000000000001
ORD1442,15-01-2025,Sneha,sneha75@gmail.com,9866056523,Mumbai,Maharashtra,Watch,Fashion,4,999.0,0.0,UPI,Cancelled,15-01-2025,3996.0,2025.0,Wednesday,3996.0,799.2
ORD1443,14-02-2025,Sneha,sneha36@gmail.com,9605647471,Lucknow,Up,Watch,Fashion,1,1499.0,0.0,Card,Pending,14-02-2025,1499.0,2025.0,Friday,1499.0,299.8
ORD1444,02-04-2025,Priya,priya86@gmail.com,9417981729,Delhi,Delhi,Bottle,Home,4,9999.0,0.0,NetBanking,Pending,04-08-2025,39996.0,2025.0,Wednesday,39996.0,7999.200000000001
ORD1445,04-05-2025,Vikas,vikas38@gmail.com,9704800143,Pune,Maharashtra,Mouse,Electronics,3,499.0,0.0,COD,Delivered,05-12-2025,1497.0,2025.0,Sunday,1497.0,299.40000000000003
ORD1446,07-01-2025,Rahul,rahul36@gmail.com,9844906787,Mumbai,Maharashtra,Shoes,Fashion,3,1499.0,0.0,UPI,Cancelled,07-01-2025,4497.0,2025.0,Tuesday,4497.0,899.4000000000001
ORD1448,17-06-2025,Neha,neha6@gmail.com,9891169337,Pune,Maharashtra,Mouse,Electronics,1,4999.0,0.0,NetBanking,Cancelled,17-06-2025,4999.0,2025.0,Tuesday,4999.0,999.8000000000001
ORD1449,19-05-2025,Priya,priya54@gmail.com,9920350446,Bengaluru,Karnataka,Bottle,Home,4,1999.0,0.0,UPI,Cancelled,19-05-2025,7996.0,2025.0,Monday,7996.0,1599.2
ORD1452,23-05-2025,Rahul,rahul40@gmail.com,9125077784,Delhi,Delhi,Laptop,Electronics,5,999.0,0.0,Wallet,Cancelled,06-02-2025,4995.0,2025.0,Friday,4995.0,999.0
ORD1454,10-02-2025,Neha,neha53@gmail.com,9124493553,Pune,Maharashtra,Watch,Fashion,2,1999.0,0.0,COD,Delivered,10-02-2025,3998.0,2025.0,Monday,3998.0,799.6
ORD1455,23-01-2025,Rahul,rahul97@gmail.com,9669206149,Delhi,Delhi,Shoes,Fashion,4,1499.0,3.0,Card,Pending,23-01-2025,5996.0,2025.0,Thursday,5816.12,1163.224
ORD1457,11-01-2025,Sneha,sneha97@gmail.com,9523945550,Jaipur,Rajasthan,Bottle,Home,5,1999.0,2.0,Wallet,Delivered,11-01-2025,9995.0,2025.0,Saturday,9795.1,1959.0200000000002
ORD1458,11-06-2025,Rohit,rohit80@gmail.com,9951760868,Mumbai,Maharashtra,Chair,Furniture,1,2599.0,42.0,NetBanking,Delivered,11-06-2025,2599.0,2025.0,Wednesday,1507.42,301.48400000000004
ORD1459,,Neha,neha13@gmail.com,9866332686,Bengaluru,Karnataka,Bottle,Home,3,,4.0,UPI,Returned,04-05-2025,,,,,
ORD1460,01-02-2025,Vikas,vikas8@gmail.com,9178563209,Bengaluru,Karnataka,Mouse,Electronics,2,4999.0,11.0,UPI,Delivered,02-06-2025,9998.0,2025.0,Saturday,8898.22,1779.644
ORD1461,01-04-2025,Rahul,rahul23@gmail.com,9433791076,Jaipur,Rajasthan,Shoes,Fashion,2,1499.0,33.0,UPI,Returned,04-08-2025,2998.0,2025.0,Tuesday,2008.6599999999999,401.73199999999997
ORD1463,22-06-2025,Neha,neha54@gmail.com,9794486194,Lucknow,Up,Bottle,Home,4,4999.0,0.0,COD,Cancelled,22-06-2025,19996.0,2025.0,Sunday,19996.0,3999.2000000000003
ORD1464,21-05-2025,Sneha,sneha53@gmail.com,9595254143,Jaipur,Rajasthan,Laptop,Electronics,5,1999.0,0.0,Card,Cancelled,21-05-2025,9995.0,2025.0,Wednesday,9995.0,1999.0
ORD1467,18-04-2025,Rahul,rahul83@gmail.com,9526297908,Pune,Maharashtra,Bottle,Home,4,,32.0,NetBanking,Pending,18-04-2025,,2025.0,Friday,,
ORD1469,01-04-2025,Rahul,rahul47@gmail.com,9815577094,Bengaluru,Karnataka,Bottle,Home,2,499.0,43.0,UPI,Delivered,04-11-2025,998.0,2025.0,Tuesday,568.86,113.772
ORD1470,03-01-2025,Priya,priya66@gmail.com,9458583296,Jaipur,Rajasthan,Watch,Fashion,2,9999.0,12.0,Wallet,Returned,01-05-2025,19998.0,2025.0,Friday,17598.239999999998,3519.6479999999997
ORD1471,15-06-2025,Sneha,sneha54@gmail.com,9944717091,Delhi,Delhi,Laptop,Electronics,4,2599.0,0.0,COD,Returned,15-06-2025,10396.0,2025.0,Sunday,10396.0,2079.2000000000003
ORD1472,18-03-2025,Vikas,vikas87@gmail.com,9861027886,Delhi,Delhi,Mouse,Electronics,5,1499.0,0.0,Card,Delivered,18-03-2025,7495.0,2025.0,Tuesday,7495.0,1499.0
ORD1473,19-02-2025,Rahul,rahul77@gmail.com,9635640677,Lucknow,Up,Mouse,Electronics,4,1499.0,3.0,Wallet,Delivered,19-02-2025,5996.0,2025.0,Wednesday,5816.12,1163.224
ORD1476,22-06-2025,Rohit,rohit94@gmail.com,9281632903,Pune,Maharashtra,Chair,Furniture,5,2599.0,11.0,Card,Pending,22-06-2025,12995.0,2025.0,Sunday,11565.55,2313.11
ORD1477,,Vikas,vikas1@gmail.com,9904339004,Bengaluru,Karnataka,Chair,Furniture,2,499.0,33.0,COD,Delivered,,998.0,,,668.6600000000001,133.73200000000003
ORD1478,19-04-2025,Sneha,sneha11@gmail.com,9233212770,Delhi,Delhi,Shoes,Fashion,2,1999.0,11.0,NetBanking,Delivered,19-04-2025,3998.0,2025.0,Saturday,3558.2200000000003,711.6440000000001
ORD1479,18-01-2025,Neha,neha63@gmail.com,9334823454,Bengaluru,Karnataka,Mouse,Electronics,4,4999.0,0.0,Card,Pending,18-01-2025,19996.0,2025.0,Saturday,19996.0,3999.2000000000003
ORD1480,,Rohit,rohit15@gmail.com,9309550784,Pune,Maharashtra,Chair,Furniture,4,4999.0,0.0,NetBanking,Delivered,,19996.0,,,19996.0,3999.2000000000003
ORD1481,17-06-2025,Rohit,rohit46@gmail.com,9379730312,Pune,Maharashtra,Shoes,Fashion,4,2599.0,0.0,Wallet,Pending,17-06-2025,10396.0,2025.0,Tuesday,10396.0,2079.2000000000003
ORD1482,27-04-2025,Rahul,rahul53@gmail.com,9487897218,Pune,Maharashtra,Mouse,Electronics,5,499.0,0.0,Wallet,Delivered,05-01-2025,2495.0,2025.0,Sunday,2495.0,499.0
ORD1483,20-04-2025,Neha,neha34@gmail.com,9620909768,Bengaluru,Karnataka,Laptop,Electronics,2,1999.0,0.0,NetBanking,Pending,20-04-2025,3998.0,2025.0,Sunday,3998.0,799.6
ORD1484,16-02-2025,Sneha,sneha66@gmail.com,Unknown,Delhi,Delhi,Chair,Furniture,4,9999.0,0.0,NetBanking,Cancelled,16-02-2025,39996.0,2025.0,Sunday,39996.0,7999.200000000001
ORD1485,24-05-2025,Rohit,rohit35@gmail.com,9845248519,Pune,Maharashtra,Chair,Furniture,5,499.0,0.0,NetBanking,Delivered,24-05-2025,2495.0,2025.0,Saturday,2495.0,499.0
ORD1486,,Vikas,vikas78@gmail.com,9812671945,Bengaluru,Karnataka,Laptop,Electronics,3,4999.0,0.0,Wallet,Delivered,06-02-2025,14997.0,,,14997.0,2999.4
ORD1487,13-04-2025,Rohit,rohit31@gmail.com,9370472644,Jaipur,Rajasthan,Chair,Furniture,1,499.0,0.0,UPI,Delivered,13-04-2025,499.0,2025.0,Sunday,499.0,99.80000000000001
ORD1488,15-02-2025,Sneha,sneha32@gmail.com,9335556096,Delhi,Delhi,Mouse,Electronics,2,499.0,0.0,Wallet,Cancelled,15-02-2025,998.0,2025.0,Saturday,998.0,199.60000000000002
ORD1490,08-05-2025,Sneha,sneha22@gmail.com,9311385417,Pune,Maharashtra,Laptop,Electronics,2,9999.0,0.0,Card,Delivered,08-05-2025,19998.0,2025.0,Thursday,19998.0,3999.6000000000004
ORD1491,04-03-2025,Priya,priya42@gmail.com,9975620718,Lucknow,Up,Laptop,Electronics,2,1499.0,0.0,UPI,Cancelled,03-11-2025,2998.0,2025.0,Tuesday,2998.0,599.6
ORD1492,12-03-2025,Amit,amit65@gmail.com,9442093414,Delhi,Delhi,Bottle,Home,2,,0.0,NetBanking,Pending,12-03-2025,,2025.0,Wednesday,,
ORD1493,05-03-2025,Sneha,sneha27@gmail.com,9961393609,Delhi,Delhi,Mouse,Electronics,5,4999.0,0.0,COD,Delivered,03-07-2025,24995.0,2025.0,Wednesday,24995.0,4999.0
ORD1494,20-03-2025,Sneha,sneha50@gmail.com,9703494194,Delhi,Delhi,Bottle,Home,5,999.0,0.0,Wallet,Delivered,20-03-2025,4995.0,2025.0,Thursday,4995.0,999.0
ORD1495,,Sneha,sneha59@gmail.com,9580925306,Bengaluru,Karnataka,Mouse,Electronics,1,499.0,0.0,NetBanking,Returned,,499.0,,,499.0,99.80000000000001
ORD1498,26-04-2025,Priya,priya59@gmail.com,9949870677,Jaipur,Rajasthan,Mouse,Electronics,5,1499.0,0.0,Wallet,Delivered,05-03-2025,7495.0,2025.0,Saturday,7495.0,1499.0
ORD1500,15-05-2025,Priya,priya67@gmail.com,9848200695,Pune,Maharashtra,Laptop,Electronics,3,,0.0,UPI,Delivered,15-05-2025,,2025.0,Thursday,,
ORD1600,15-05-2025,Priya,priya67@gmail.com,9848200695,Pune,Maharashtra,Laptop,Electronics,3,,0.0,UPI,Delivered,15-05-2025,,2025.0,Thursday,,
ORD1602,30-06-2025,Neha,neha82@gmail.com,9829008196,Delhi,Delhi,Chair,Furniture,4,1999.0,0.0,UPI,Pending,07-03-2025,7996.0,2025.0,Monday,7996.0,1599.2
ORD1603,03-02-2025,Rohit,rohit45@gmail.com,9280491167,Pune,Maharashtra,Watch,Fashion,5,4999.0,0.0,Card,Pending,02-09-2025,24995.0,2025.0,Monday,24995.0,4999.0
ORD1604,06-05-2025,Amit,amit6@gmail.com,9943310925,Jaipur,Rajasthan,Mouse,Electronics,3,1999.0,0.0,COD,Returned,05-08-2025,5997.0,2025.0,Tuesday,5997.0,1199.4
ORD1607,10-02-2025,Rahul,rahul82@gmail.com,9517780193,Mumbai,Maharashtra,Mouse,Electronics,3,499.0,0.0,Wallet,Cancelled,10-02-2025,1497.0,2025.0,Monday,1497.0,299.40000000000003
ORD1608,17-02-2025,Rahul,rahul71@gmail.com,9789375429,Lucknow,Up,Mouse,Electronics,4,9999.0,0.0,Card,Returned,17-02-2025,39996.0,2025.0,Monday,39996.0,7999.200000000001
ORD1609,,Rahul,rahul99@gmail.com,9552649559,Mumbai,Maharashtra,Bottle,Home,2,1499.0,0.0,Wallet,Pending,,2998.0,,,2998.0,599.6
ORD1610,10-04-2025,Rohit,rohit96@gmail.com,9700116928,Jaipur,Rajasthan,Mouse,Electronics,1,,0.0,NetBanking,Delivered,10-04-2025,,2025.0,Thursday,,
ORD1611,11-01-2025,Neha,neha22@gmail.com,9580304152,Jaipur,Rajasthan,Chair,Furniture,3,999.0,0.0,COD,Pending,11-01-2025,2997.0,2025.0,Saturday,2997.0,599.4
ORD1612,03-03-2025,Vikas,vikas46@gmail.com,9551158398,Jaipur,Rajasthan,Shoes,Fashion,3,999.0,0.0,COD,Cancelled,03-09-2025,2997.0,2025.0,Monday,2997.0,599.4
